Tanggal Input,Pelaksanaan,Segmen,Ecosystem,Waktu,Nama AM,Kegiatan,Action Plan,Eksisting / New Customer,PERIODE
17/06/2025,PT Wiratama Indramayu Perkasa,BS,Manufacture,"Selasa, 17 Juni 2025",JEAN,Silaturahmi & Diskusi terkait solusi Telkom Untuk Kawasan, Buat Bisplan dan Rev Plan untuk pertemuan selasa depan,Eksisting ,JUNI
19/06/2025,SMK Nasional jatiwangi,BS,Education,"Selasa, 17 Juni 2025",Ayaka,Follow Up terkait sph Indibiz+Pijar,Follow Up Ulang,Eksisting ,JUNI
19/06/2025,PT. Corinthian Industries Indonesia,BS,Manufacture,"Selasa, 17 Juni 2025",Ayaka,Sirkulir berkas KFS dan update progres delivery,-,Eksisting ,JUNI
19/06/2025, CV. Terlaksana Sukses Mandiri,BS,Retail,"Kamis, 19 Juni 2025",Ayaka,Diskusi terkait kebutuhan internet di lokasi cabang, Submit SPH,Eksisting ,JUNI
19/06/2025,Hotel Aston Cirebon,BS,Hospitality,"Kamis, 19 Juni 2025",Ayaka,Diskusi terkait kebutuhan internet,Submit SPH,New Customer ,JUNI
19/06/2025,PT sejahtera Kurir Expres,BS,Jasa,"Rabu, 11 Juni 2025",Charlotte,Kunjungan penanganan gangguan Connectivity,lapor teknisi,Eksisting ,JUNI
19/06/2025,SMKN 5 Kuningan,BS,Education,"Kamis, 12 Juni 2025",Charlotte,Kunjungan ke TA terkait Mockup KIDI FO,FU klik Siplah,Eksisting ,JUNI
19/06/2025,The Kyle Pemuda Hotel,BS,Horeca,"Kamis, 12 Juni 2025",Charlotte,kunjungan lihat progres pembangunan Hotel, FU terkait mulai kerjasama,New Customer ,JUNI
19/06/2025,ZAM ZAM Pool,BS,Tourism,"Jumat, 13 Juni 2025",Charlotte,Kunjungan pembuatan testimoni mengenai layanan Connectivity,diskusi gali opti,Eksisting ,JUNI
19/06/2025,RS UMC,BS,Health,"Selasa, 17 Juni 2025",Charlotte,Present layanan OCA bersama Mas Irsyad,Pembuatan SPH,Eksisting ,JUNI
19/06/2025,CV Matrik,BS,jasa,"Selasa, 17 Juni 2025",Charlotte,kunjungan diskusi kebutuhan Connectivity,diskusi lanjutan ,New Customer ,JUNI
19/06/2025,PDAM Tirta Giri Nata Kota Cirebon,BS,jasa,"Rabu, 18 Juni 2025",Charlotte,"kunjungan bapak GM, manager BS sekaligus present layanan Smart water Level",Assesment,Eksisting ,JUNI
19/06/2025,SMK Islamic Center,BS,Education,"Kamis, 19 Juni 2025",Charlotte,pengarahan siswa siswi PKL yang langsung dari GM Telkom Akses Priangan Timur,-,Eksisting ,JUNI
19/06/2025,RS Pelabuhan,BS,Health,"Kamis, 19 Juni 2025",Charlotte,kunjungan dari RS terkait kolaborasi Digital Marketing,diskusi lanjutan,Eksisting ,JUNI
20/06/2025,Tanda tangan perpanjangan kontrak WMS,BS,Hospitality,12 Juni 2025,Sara,Visit,-,Eksisting ,JUNI
20/06/2025,Tanda tangan perpanjangan kontrak Astinet,BS,Manufacture,12 Juni 2025,Sara,Visit,-,Eksisting ,JUNI
20/06/2025,Follow Up SPH layanan PABX  bersama IT & Bagian umum,BS,Hospitality,17 Juni 2025,Sara,Visit,-,New Customer ,JUNI
20/06/2025,Follow up upgrade layanan astinet,BS,Hospitality,13 Juni 2025,Sara,Visit,-,Eksisting ,JUNI
20/06/2025,Silaturahmi dengan Wakasek kurikulum,BS,Education,13 Juni 2025,Sara,Visit,-,New Customer ,JUNI
20/06/2025,Kunjungan tahap awal perkenalan dengan kepala sekolah (Tidak sempat foto bersama),BS,Education,19 Juni 2025,Sara,Visit,-,New Customer ,JUNI
20/06/2025,Kunjungan tahap awal perkenalan dengan OPS,BS,Education,19 Juni 2025,Sara,Visit,-,New Customer ,JUNI
20/06/2025,Kunjungan tahap awal perkenalan dengan kepsek (Tidak sempat berfoto bersama,BS,Education,19 Juni 2025,Sara,Visit,-,New Customer ,JUNI
23/06/2025,Penyerahan Sertifikat,BS,Education,20 Juni 2025,Lisa,Visit,-,Eksisting ,JUNI
23/06/2025,Penandatanganan BASO Astinet,BS,retail & wholesaler,20 Juni 2025,Lisa,Visit, Proses BC,Eksisting ,JUNI
24/06/2025,Hotel Aston Cirebon,BS,Hospitality,"Selasa, 24 Juni 2025",Ayaka,Visit bersama Manar follow up terkait SPH Astinet,Follow Up ulang,New Customer ,JUNI
25/06/2025,SMK Bina Mandiri,BS,Education,"Rabu, 18-06-2025",Yanfei,Silaturahmi dan diskusi terkait connectivity dan kelas industri,Followup,New Customer ,JUNI
25/06/2025,PT AHI (Acep Herbal Internasional),BS,Manufaktur,"Rabu, 18-06-2025",Yanfei,Prospect dan inisiasi gali informasi,Followup,New Customer ,JUNI
25/06/2025,SMKS Singaparna,BS,Education,"Selasa, 24-06-2025",Yanfei,Delivery sertifikat ujikon dan tandatangan dokumen BASO,Masih ada revisi kesalahan sertifikat dari TA perlu FU ke TA,Eksisting ,JUNI
25/06/2025,PT Kannaya Adi Karya (Jeda Space),BS,Horeca,"Selasa, 24-06-2025",Yanfei,Tandatangan dokumen BASO,Kawal billcomp,Eksisting ,JUNI
26/06/2025,SMK Babussalam,BS,Education,11 Juni 2025,Emilie,diskusi terkait permintaan upgrade layanan indibiz dan gali opty,fu,Eksisting ,JUNI
26/06/2025,SMK Ilman Nafiah,BS,Education,13 Juni 2025,Emilie,penyerahan sertifikat BNSP pengembangan perangkat lunak,,Eksisting ,JUNI
26/06/2025,PT Tonglan Chemistry Technology,BS,Manufaktur,10 Juni 2025,Emilie,ttd kontrak layanan astinet dan indibiz dgn nilai kontrak 116jt,proses input dan kawal   ,New Customer ,JUNI
26/06/2025,RS Pertamina Cirebon,BS,Health,20 Juni 2025,Emilie,kunjungan diskusi layanan upgrade layanan indibiz,,Eksisting ,JUNI
26/06/2025,SMKN 1 Kapetakan,BS,Education,20 Juni 2025,Emilie,kunjungan diskusi terkait billing astinet,,Eksisting ,JUNI
26/06/2025,SMK Teknik Bakti Persada,BS,Education,24 Juni 2025,Emilie,silaturahmi dan diskusi pendampingan Program SMK PK Regular 2025, fu dan kawal pelanggan ,New Customer ,JUNI
26/06/2025,SMK Ilman Nafiah,BS,Education,24 Juni 2025,Emilie,silaturahmi dan diskusi pendampingan Program SMK PK Regular 2025,fu dan kawal pelanggan ,Eksisting ,JUNI
26/06/2025,SMK Bina Cendekia,BS,Education,26 Juni 2025,Emilie,silahturahmi dan diskusi permintaan sekolah support tenda untuk kegiatan promosi peneriman peserta didik baru,,Eksisting ,JUNI
26/06/2025,PT Jakarta Intiland Ciplaz Garut,BS,Hospitality,26 Juni 2025,Sara,Follow up serta presentasi terkait PKS kawasan,-,Eksisting ,JUNI
30/06/2025,SMAN 6 Cirebon,BS,Education,"Senin, 23 Juni 2025",Charlotte,kunjungan penjadwalan present Pijar Sekolah,penjadwalan present Pijar sekolah,Eksisting ,JUNI
30/06/2025,SMKN 1 Cirebon,BS,Education,"Senin, 23 Juni 2025",Charlotte,kunjungan pemberian Sertifikat BNSP, diskusi lanjutan ,New Customer ,JUNI
30/06/2025,SMKN 1 Cirebon,BS,Education,"Senin, 23 Juni 2025",Charlotte,Diskusi kerjasama sekolah dengan telkom dan digitalisasi Pijar sekolah,Present Pijar sekolah,New Customer ,JUNI
30/06/2025,SMK Budi Mandiri,BS,Education,"Rabu, 25 Juni 2025",Charlotte,perbaikan dan Klaim 10 Camera CCTV Antarez yang rusak dan bikin testimoni layanan Antarez Easy,-,Eksisting ,JUNI
30/06/2025,Univ Muhamadiyah Kuningan,BS,Education,"Kamis, 26 Juni 2025",Charlotte,"Diskusi digitalisasi Campus, Connectivity untuk Kampus",diskusi dan present lanjutan ,New Customer ,JUNI
30/06/2025,SMK Plus Samiudin,BS,Education,"Kamis, 26 Juni 2025",Charlotte,kunjungan ke sekolah jauh dan eskrim serta Diskusi digitalisasi sekolah,Present Pijar sekolah,New Customer ,JUNI
30/06/2025,Aston Inn,BS,Hospitality,Juni 2025,Diona,Survei kebutuhan SMATV,submit SPH ,Eksisting ,JUNI
30/06/2025,SMA IT Ibadurrohman,BS,Edukasi,23 Juni 2025,Diona,Penawaran solusi B2B,submit SPH Astinet dan CCTV,New Customer ,JUNI
30/06/2025,Valli,BS,Ruko,3 Juni 2025,Diona,Penawaran solusi B2B,submit SPH ,New Customer ,JUNI
30/06/2025,Aston Inn,BS,Hospitality,5 Juni2025,Diona,Survei kebutuhan SMATV, submit SPH,Eksisting ,JUNI
30/06/2025,Siloka Kopi,BS,Ruko,5 Juni 2025,Diona,Penawaran solusi B2B, submit SPH ,New Customer ,JUNI
30/06/2025,SMK BPN,BS,Edukasi,20 Juni2025,Diona,Delivery sertifikat Ujikom dan silaturahmi dengan kepsek baru,submit SPH KIDi,Eksisting ,JUNI
30/06/2025,SMK Terpadu Al Ikhwan,BS,Education,20 Juni 2025,Diona,Delivery Sertifikat Ujikom,-,Eksisting ,JUNI
30/06/2025,PD BPR Artha Sukapura,BS,Banking,26 Juni 2025,Lisa,Menghadiri acara pengundian hadiah tabungan,-,Eksisting ,JUNI
30/06/2025,PT BPR Artha Galunggung Perseroda,BS,Banking,26 Juni 2025,Lisa,"koordinasi persiapan upgrade layanan hsi utk kantor cabang, koordinasi rencana berlangganan Floucloud"," cek layanan existing, koordinasi inputer",Eksisting ,JUNI
30/06/2025,SMK MIFTAHUSSALAM Ciamis,BS,Education,30 Juni 2025,Lisa,"Penyerahan sertifikat BNSP program DIGIuP untuk 3 siswa, koordinasi persiapan SMK PK Reguler",Koordinasi BS & RSO,Eksisting ,JUNI
30/06/2025,Pak Galih,BS,Education,30 Juni 2025,Emilie,kawal siswa sekolah PKL di Telkom Akses,-,Eksisting ,JUNI
30/06/2025,SMK Ilman Nafiah,BS,Education,30 Juni 2025,Emilie,diskusi lanjutan terkait pendampingan Program SMK PK Regular 2025,fu dan akwal pelanggan ,Eksisting ,JUNI
30/06/2025,PT. DILMONI,BS,Education,"Rabu, 9 Juni 2025",JEAN,Diskusi terkait penambahan layanan indibiz,Input,Eksisting ,JUNI
30/06/2025,SMK TARUNA,BS,Education,"Rabu, 9 Juni 2025",JEAN,diskusi terkait maganag siswa sekaligus FU SPH magang guru,FU,Eksisting ,JUNI
30/06/2025,RS Islam Zamzam Muhammadiyah,BS,Healthycare,"Rabu, 12 Juni 2025",JEAN,caring pelanggan terkait gangguan layanan astinet,Ekskalasi tim EOS  ,Eksisting ,JUNI
30/06/2025,CV. Pinguin,BS,Retail,"Rabu, 13 Juni 2025",JEAN,Diskusi terlkait support tennat untul pameran DKUKMPP Kota Cirebon,,Eksisting ,JUNI
30/06/2025,SMK PGRI JATIBARANG,BS,Education,"Rabu, 13 Juni 2025",JEAN,Penyerahan sertifikat BNSP, Ekskalasi tim EOS  ,Eksisting ,JUNI
30/06/2025,PT. MADISON ANGSA SEJAHTERA,BS,Hospitality,"Rabu, 16 Juni 2025",JEAN,Diskusi terkait pemasangan indibiz 2 line,Input,Eksisting ,JUNI
30/06/2025,SMK ISLAM DIPONEGORO,BS,Education,"Rabu, 17 Juni 2025",JEAN,Menghadiri undangan IHT sebagai perwakilan DUDI,FU,Eksisting ,JUNI
30/06/2025,SMK AL IRSYAD AL ISLAMIYAH,BS,Education,"Rabu, 17 Juni 2025",JEAN,Menghadiri undangan IHT sebagai perwakilan DUDI,FU,Eksisting ,JUNI
30/06/2025,SMK PELITA JATIBARANG,BS,Education,"Rabu, 20  Juni 2025",JEAN,Survei bantuan CDC,FU,Eksisting ,JUNI
30/06/2025,NEO HOTEL CIREBON,BS,Hospitality,"Rabu, 20 Juni 2025",JEAN,Visit awal submit sph layanan telkom,FU,New Customer ,JUNI
30/06/2025,BENTANI HOTEL CIREBON,BS,Hospitality,"Rabu, 20 Juni 2025",JEAN,Visit awal submit sph layanan telkom,FU,New Customer ,JUNI
30/06/2025,PRIMA HOTEL CIREBON,BS,Hospitality,"Rabu, 20 Juni 2025",JEAN,Visit awal submit sph layanan telkom,FU,New Customer ,JUNI
30/06/2025,MD 7 HOTEL CIREBON,BS,Hospitality,"Rabu, 20 Juni 2025",JEAN,Visit awal submit sph layanan telkom,FU,New Customer ,JUNI
30/06/2025,SMK PGRI INDRAMAYU,BS,Education,"Rabu, 30 Juni 2025",JEAN,Diskusi terkait persiapan upload data takola untuk bantuan Tefa Kolaborasi.,FU,New Customer ,JUNI
30/06/2025,Hotel Aston Cirebon,BS,Hospitality,"Senin, 30 Juni 2025",Ayaka,Follow Up terkait SPH Astinet dan survey ruangan untuk acara IDL, FU Ulang,New Customer ,JUNI
01/07/2025,INTAN HOTEL CIREBON,BS,Hospitality,"Rabu, 01 Juli 2025",JEAN,Visit awal submit sph layanan telkom,FU,New Customer ,JULI
01/07/2025,C HOTEL CIREBON,BS,Hospitality,"Rabu, 01 Juli 2025",JEAN,Visit awal submit sph layanan telkom,FU,New Customer ,JULI
01/07/2025,VINOTEL CIREBON,BS,Hospitality,"Rabu, 01 Juli 2025",JEAN,Visit awal submit sph layanan telkom,FU,New Customer ,JULI
01/07/2025,BYD CIREBON,BS,Hospitality,"Rabu, 01 Juli 2025",JEAN,Visit awal submit sph layanan telkom,FU,New Customer ,JULI
01/07/2025,SANTIKA HOTEL CIREBON,BS,Hospitality,"Rabu, 01 Juli 2025",JEAN,Visit awal submit sph layanan telkom,FU,New Customer ,JULI
01/07/2025,DEWANTI HOTEL CIREBON,BS,Hospitality,"Rabu, 01 Juli 2025",JEAN,Visit awal submit sph layanan telkom,FU,New Customer ,JULI
01/07/2025,SMA Setia Bhakti Cilawu,BS,Education,1 Juli 2025,Sara,Follow up SPH HSI + Pijar Sekolah,pihak sekolah masih mempertimbangkan penawaran Telkom dengan keadaan sekolah saat ini,New Customer ,JULI
01/07/2025,PRIMA HOTEL CIREBON,BS,Hospitality,"Rabu, 01 Juli 2025",JEAN,Visit awal submit sph layanan telkom,FU,New Customer ,JULI
01/07/2025,AMARIS HOTEL CIREBON,BS,Hospitality,"Rabu, 01 Juli 2025",JEAN,Visit awal submit sph layanan telkom,FU,New Customer ,JULI
01/07/2025,AURORA HOTEL CIREBON,BS,Hospitality,"Rabu, 01 Juli 2025",JEAN,Visit awal submit sph layanan telkom,FU,New Customer ,JULI
01/07/2025,NEOHOTEL CIREBON,BS,Hospitality,"Rabu, 01 Juli 2025",JEAN,Visit awal submit sph layanan telkom,FU,New Customer ,JULI
01/07/2025,BENTANI HOTEL CIREBON,BS,Hospitality,1 Juli 2025,JEAN,Handling gangguan layanan voice bersama tim EOS,,Eksisting ,JULI
03/07/2025,MA Khas Kempek,BS,Education,01 Juli 2025,Emilie,diskusi kebutuhan indibiz temporer untuk kegiatan penerimaan siswa baru,,Eksisting ,JULI
03/07/2025,RS Pertamina Cirebon,BS,Healt,03 juli 2025,Emilie,kunjungan dan gali opty,fu dan visit ulang bertemu manager IT,Eksisting ,JULI
03/07/2025,SMKN 1 Kapetakan,BS,Education,03 juli 2025,Emilie,diskusi terkait billing astinet dan gali opty,-,Eksisting ,JULI
03/07/2025,PT Newwicker Indonesia,BS,Manufacture,03 juli 2025,Emilie,visit awal dan gali opti kebutuhan solusi telkom layanan astinet,fu,New Customer ,JULI
03/07/2025,SMAN 8 Cirebon,BS,Education,"Kamis, 03 Juli 2025",Charlotte,kunjungan Diskusi Connectivity dan Pijar Sekolah,Present Pijar sekolah,New Customer ,JULI
03/07/2025,SMAN 3 Cirebon,BS,Education,"Kamis, 03 Juli 2025",Charlotte,kunjungan Diskusi Connectivity dan Pijar Sekolah,present Pijar sekolah,New Customer ,JULI
04/07/2025,PT Tactical Garment Garut,BS,Manufacture,3 Juli 2025,Sara,Follow up penambahan layanan sekaligus TTD KFS Connectivity,akan terus berkomunikasi dengan team leader,Eksisting ,JULI
04/07/2025,Hotel Harmoni Garut,BS,Hospitality,3 Juli 2025,Sara,Follow up upgrade layanan connectivity & caring issue layanan UHOSS,,Eksisting ,JULI
04/07/2025,El’s Villas Cipanas,BS,Hospitality,4 Juli 2025,Sara,Ngobras opty layanan telkom di tahun 2025,akan terus berkomunikasi dengan manager,Eksisting ,JULI
04/07/2025,Shizuka Japanese Villa,BS,Hospitality,4 Juli 2025,Sara,Visit tahap awal & perkenalan dengan PIC Villa,akan terus berkomunikasi dengan PIC,New Customer ,JULI
04/07/2025,PT Gunung Putri Lestari,BS,Manufaktur,01 Juli 2025,Yanfei,Visit tahap awal silaturahmi dan gali opti,Fu manajemen janji temu,New Customer ,JULI
04/07/2025,PT Bina Kayu Lestari,BS,Manufaktur,01 Juli 2025,Yanfei,Visit tahap awal silaturahmi dan gali opti,FU manajemen janji temu,New Customer ,JULI
04/07/2025,Pt Artikraft Indonesia,BS,Manufaktur,02 Juli 2025,Yanfei,Pembahasan billing dan gali opti anggaran yang bisa diserap bersama tim finance,Followup,Eksisting ,JULI
07/07/2025,SMAN 5 Cirebon,BS,Education,"Jumat, 04 Juli 2025",Charlotte,kunjungan Diskusi Connectivity dan Pijar Sekolah,Present Pijar sekolah,New Customer ,JULI
07/07/2025,SMAN 1 Mandirancan,BS,Education,"Jumat, 04 Juli 2025",Charlotte,kunjungan Diskusi Connectivity dan Pijar Sekolah,Present Pijar sekolah,New Customer ,JULI
07/07/2025,Transmart Tasikmalaya,BS,Retail,"Senin, 07 Juli 2025",Varesa,Silaturahmi Visit Pertama,Silaturahmi Visit Pertama,New Customer ,JULI
07/07/2025,SMK Islamic Center,BS,Education,"Senin, 07 Juli 2025",Charlotte,Delivery Magang Guru SMK Islamic center di Telkom Academy Bandung Dangan RSO dan pembuatan video Testimoni,klik siplah sebelum tanggal 20,Eksisting ,JULI
08/07/2025,SMKN Rajapolah,BS,Education,08 Juli 2025,Yanfei,"Visit submit sph astinet, diskusi kidi iot, sekaligus penyerahan sertifikat digiup""",Followup,New Customer ,JULI
08/07/2025,SMKN Kadipaten,BS,Education,08 Juli 2025,Yanfei,Visit submit sph hsi update dan astinet,Followup,New Customer ,JULI
08/07/2025,Mandiri Jaya Plaza,BS,Retail,08 Juli 2025,Yanfei,Visit tahap awal gali opti,Followup bertemu dg IT,New Customer ,JULI
08/07/2025,STT Cipasung,BS,Education,08 Juli 2025,Yanfei,Visit diskusi sph hsi update dan astinet,Followup,New Customer ,JULI
08/07/2025,Universitas Cipasung,BS,Education,08 Juli 2025,Yanfei,Visit diskusi dengan humas terkait jadwal audiensi dengan rektor dan jajaran terkait pemaparan kerjasama dg Telkom,Followup,New Customer ,JULI
09/07/2025,UGJ,BS,Education,4 Juli 2025,JEAN,Follow up SPH,FU,Eksisting ,JULI
09/07/2025,RAMMU CAFE,BS,Retail,4 Juli 2025,JEAN,Penyerahan souvenir setelah pemasangan indibiz2 titik dan menggali opti lainnya,FU,Eksisting ,JULI
09/07/2025,Hotel UMA,BS,Hospitality,09 Juli 2025,JEAN,"Visit awal menggali potensi lainnya, layanan eksisting menggunakan Indibiz dan Telepon.",Followup,New Customer ,JULI
09/07/2025,Hotel Grand Dian,BS,Hospitality,09 Juli 2025,JEAN,"Visit awal menggali potensi lainnya, layanan eksisting menggunakan Indibiz dan Telepon.",Followup,Eksisting ,JULI
09/07/2025,Hotel Baru,BS,Hospitality,09 Juli 2025,JEAN,"Visit awal menggali potensi lainnya, layanan eksisting menggunakan Telepon, internet menggunakan biznet.",Followup,Eksisting ,JULI
09/07/2025,PT.Sidoagung,BS,Manufacture,"Rabu, 09 Juli 2025",Ayaka,Follow Up terkait SPH Astinet dan Neucentrix,FU Ulang,Eksisting ,JULI
09/07/2025,RS. Mitra Plumbon Kanci,BS,Healthcare,"Rabu, 09 Juli 2025",Ayaka,Diskusi terkait layanan solusi Telkom,Submit SPH,New Customer ,JULI
09/07/2025,SMK Model Patriot IV,BS,Education,"Selasa, 08 Juli 2025",Charlotte,Diskusi Klik Siplah CPE FO serta menentukan Jadwal pemberian CDC,,New Customer ,JULI
09/07/2025,PT Cipta Mandiri Wirasakti (CMW),BS,Manufaktur,"Selasa, 08 Juli 2025",Charlotte,Diskusi pemasangan 18 Cctv di ruang Produksi Barang, survey titik pemasangan CCTV di hari Rabu 9 Juli dengan SE,Eksisting ,JULI
09/07/2025,PT Cipta Mandiri Wirasakti (CMW),BS,Manufaktur,"Selasa, 08 Juli 2025",Charlotte,Survey Titik pemasangan CCTV di ruang Produksi dengan mas @irsyadthoyib,Pembuatan SPH untuk di adu harga dengan Vendor yang lain yang sudah masuk duluan penawarannya,Eksisting ,JULI
10/07/2025,HOTEL BATIQA,BS,Hospitality,10 Juli 2025,JEAN,Visit awal menggali potensi pelanggan, intens FU ,New Customer ,JULI
10/07/2025,SUTAN RAJA HOTEL  dan SUTAN RAJA GUEST HOUSE,BS,Hospitality,10 Juli 2025,JEAN,Visit awal menggali potensi pelanggan. Eksisting layanan Telepon dan internet Biznet,intens FU ,New Customer ,JULI
10/07/2025,Visit,BS,Education,8 Juli 2025,Diona,Delivery sertifikat DigiUp, penawaran solusi B2B,New Customer ,JULI
10/07/2025,Visit,BS,Education,7 Juli 2025,Diona,Silaturahmi dengan kepsek baru,Follow up SPH KIDi IoT,Eksisting ,JULI
10/07/2025,SMAN 1 Banjarsari,BS,Edukasi,"Rabu, 09 Juli 2025",Varesa,Pengantaran Sertifikat Digi Up 2024,-,Eksisting ,JULI
10/07/2025,SMKN 1 Padaherang,BS,Edukasi,"Rabu, 09 Juli 2025",Varesa,"Penggalian Pendaftaran SMK PK (Sekolah tidak daftar, namun memiliki ketertarikan dengan KiDi FO)",-,New Customer ,JULI
10/07/2025,SMKN 1 Pangandaran,BS,Edukasi,"Rabu, 09 Juli 2025",Varesa,"Penggalian Pendaftaran SMK PK (Diskusi lanjutan perihal SMK PK, namun memiliki ketertarikan dengan KiDi FO)",-,Eksisting ,JULI
10/07/2025,SMKS Putera Pangandaran,BS,Edukasi,"Rabu, 09 Juli 2025",Varesa,Penggalian Pendaftaran SMK PK (Daftar TEFA Pabrik - Digital Printing),-,Eksisting ,JULI
10/07/2025,Badia Coffee Shop,BS,Retail,"Rabu, 09 Juli 2025",Varesa,Pengecekan Jaringan dan Layanan Telkom,-,New Customer ,JULI
10/07/2025,Apita Hotel,BS,Hospitality,03 juli 2025,Emilie,kunjungan dan gali opty,fu dan visit ulang bertemu manager IT,New Customer ,JULI
10/07/2025,SMKN 1 Kedawung,BS,Education,08 juli 2025,Emilie,kunjungan fu terkait layanan indibiz pijar,fu dan visit ulang bertemu humas,New Customer ,JULI
10/07/2025,PT Kreasi Garment Cirebon,BS,Manufaktur,09 juli 2025,Emilie,visit awal dan gali opti kebutuhan solusi telkom layanan astinet,fu,New Customer ,JULI
10/07/2025,SMK Ilman Nafiah,BS,Education,10 juli 2025,Emilie,diskusi lanjutan terkait pendampingan Program SMK PK Regular 2025, fu dan kawal pelanggan ,Eksisting ,JULI
10/07/2025,Klinik Utama Budiman Pangandaran,BS,Healthcare,09 juli 2025,Lisa,Diskusi Solusi Telkom & mendampingi IT Dadi Keluarga konfigurasi Astinet,jadwal Pemaparan dengan Direktur & semua tim IT RS Dadi Keluarga,Eksisting ,JULI
10/07/2025,Poltek Kelautan Perikanan Pangandaran,BS,Edukasi,09 juli 2025,Lisa,"diskusi rencana upgrade Astinet, diskusi rencana belanja perangkat di bulan Agustus. pengecekan jaringan internet persiapan Wisuda & Akreditasi",menunggu anggaran relaksasi 2025 bulan agustu,Eksisting ,JULI
10/07/2025,CV. CEMARA GUNA LESTARI - Cemara Honda Motor,BS,Manufacture,8 Juli 2025,Sara,"Visit tahap awal & perkenalan dengan PIC, serta gali opty layanan telkom",akan terus berkomunikasi dengan PIC,New Customer ,JULI
10/07/2025,Kopi Jaya & Sate Maranggi Pa Nur,BS,Horeca,9 Juli 2025,Sara,Visit tahap awal & perkenalan dengan PIC serta gali opty layanan telkom," agenda zoom meeting, utk sosialisasi terkait layanan astinet + Netmonk & WMS",New Customer ,JULI
10/07/2025,SD Negeri 2 Langensari,BS,Education,10 Juli 2025,Sara,"Visit tahap awal & perkenalan dengan Operator Sekolah, serta penawaran HSI + Pijar Sekolah",operator sekolah akan meneruskan penawaran ke kepala sekolah & bendahara (masih liburan),New Customer ,JULI
10/07/2025,SMP Negeri 1 Kadungora,BS,Education,10 Juli 2025,Sara,"Visit tahap awal & perkenalan dengan bagian tata usaha, serta penawaran HSI + Pijar Sekolah","bagian tata usaha akan meneruskan penawaran ke sarpras, kepala sekolah & bendahara (Masih liburan)",New Customer ,JULI
10/07/2025,SMP IT Wasilah Intelegensia,BS,Education,10 Juli 2025,Sara,Visit tahap awal & perkenalan dengan guru sekolah (Tidak sempat berfoto),guru sekolah akan meneruskan penawaran ke operator & kepala sekolah (masih liburan),New Customer ,JULI
10/07/2025,PT.Aiti Media Kreasi (Grage Group),BS,Retail,"Kamis, 10 Juli 2025",Ayaka,"Diskusi terkait kebutuhan indibiz untuk tenant (Skechers, Sports Station)",  Submit SPH,Eksisting ,JULI
11/07/2025,Mr Chang,BS,Manufaktur,11 Juli 2025,Yanfei,Handling complain  tandatangan MoM bersama direktur,-,Eksisting ,JULI
11/07/2025,PT Dahju Foam Produck,BS,Manufaktur,"Kamis, 10 Juli 2025",Charlotte,Penanganan Hard complain Connectivity Astinet selama 2 bulan pengakuan pelanggan jaringan lemot dan tidak stabil,ksekusi option yang di sampaikan EOS dan monitoring option setelah di lakukan pengerjaan oleh IT PT Dahju Foam produck,Eksisting ,JULI
11/07/2025,PT Aodo Sukses Indonesia Bandung,BS,Manufaktur,"Jumat, 11 Juli 2025",Charlotte,diskusi kebutuhan Connectivity untuk Gedung Produksi dan Office Produksi,diskusi kebutuhan Connectivity untuk Gedung Produksi dan Office Produksi,Eksisting ,JULI
14/07/2025,Visit Pelanggan,BS,Retail,"Senin, 02 Juli 2025",Varesa,Silaturahmi GM Priti Telkom dengan Managerial,-,New Customer ,JULI
14/07/2025,Visit Pelanggan,BS,Retail,"Senin, 14 Juli 2025",Varesa,Silaturahmi Pertama dan Penggalian Opti,-,New Customer ,JULI
15/07/2025,Visit,BS,Ruko,15 Juli 2025,Diona,Caring gangguan HSI saat live, Penawaran PSB 2 line tambahan karena overclient,Eksisting ,JULI
16/07/2025,Visit,BS,Edukasi,16 Juli 2025,Diona,"Guru tamu untuk acara MPLS dan silaturahmi dengan pemilik Yayasan Drs. K.H. Didi Hudaya. & Hj. Neni Zakiah, S. Ag.",Penawaran KIDi IoT,Eksisting ,JULI
16/07/2025,,BS,Edukasi,16 juli 2025,Lisa,Silaturahmi ke Ibu Kiki ( kepala Bag Administrasi & Kepegawaian) untuk Penyerahan Surat permohonan Management Visit ke Rektor, Jadwal pertemuan dengan Rektor,New Customer ,JULI
17/07/2025,Visit,BS,Finance & Banking,17 juli 2025,Lisa,Pemaparan solusi dengan Direktur Utama & Kadiv IT,"SPH MS 365, OCA WA VA & Indicar",Eksisting ,JULI
17/07/2025,Visit Pelanggan,BS,Enterprise,"Rabu, 16 Juli 2025",Varesa,Berkenalan dengan Manager Baru dan Pengecekan Layanan,-,New Customer ,JULI
17/07/2025,Visit Pelanggan,BS,Retail,"Rabu, 16 Juli 2025",Varesa,Pengecekan Layanan,-,Eksisting ,JULI
17/07/2025,Visit Pelanggan,BS,Edukasi,"Rabu, 16 Juli 2025",Varesa,Penggalian opti SMK PK 2025,-,Eksisting ,JULI
17/07/2025,Visit Pelanggan,BS,Edukasi,"Rabu, 16 Juli 2025",Varesa,Penggalian opti SMK PK 2025,-,Eksisting ,JULI
17/07/2025,Visit Pelanggan,BS,Edukasi,"Rabu, 16 Juli 2025",Varesa,Pemberian Sertifkat DigiUp 2024 dan penggalian opti SMK PK 2025,-,New Customer ,JULI
17/07/2025,Visit Pelanggan,BS,Energy,"Rabu, 16 Juli 2025",Varesa,Penggalian opti OCA dan Watermeter,-,New Customer ,JULI
17/07/2025,Visit Pelanggan,BS,Edukasi,"Rabu, 17 Juli 2025",Varesa,Penggalian opti SMK PK 2025,-,New Customer ,JULI
17/07/2025,Visiting,BS,Hospitality,17 Juli 2025,Yanfei,"Silaturahmi probing dan submit sph, eksisting layanan Cifo",Followup,New Customer ,JULI
17/07/2025,Visiting,BS,Hospitality,17 Juli 2025,Yanfei,"Silaturahmi probing dan submit sph bersama owner hotel, eksisting layanan Cifo",Followup,New Customer ,JULI
17/07/2025,Visiting,BS,Hospitality,17 Juli 2025,Yanfei,"Silaturahmi gali opti dengan GM Hotel, eksisting menggunakan layanan indibiz",Followup,New Customer ,JULI
17/07/2025,Visiting,BS,Hospitality,17 Juli 2025,Yanfei,"Silaturahmi probing dan submit sph dengan GM dan owner Hotel, eksisting layanan Cifo",Followup submit sph layanan uhos/iptv,New Customer ,JULI
17/07/2025,Visiting,BS,Hospitality,17 Juli 2025,Yanfei,"Silaturahmi probing dan submit sph dengan tim IT, eksisting layanan Cifo dan JabNet",Followup,New Customer ,JULI
17/07/2025,SMK Nasional jatiwangi,BS,Education,"Kamis, 17 Juli 2025",Ayaka,Diskusi terkait kebutuhan Magang Guru dan Guru Tamu,Follow Up,Eksisting ,JULI
17/07/2025,PT. Maja Kerta Wangi,BS,Education,"Kamis, 17 Juli 2025",Ayaka,Astinet dan Indibiz, Submit SPH,New Customer ,JULI
17/07/2025,PT. Maja Kerta Wangi,BS,Manufacture,"Kamis, 17 Juli 2025",Ayaka,Visit awal gali kebutuhan layanan solusi Telkom,Visit Ulan,New Customer ,JULI
17/07/2025,SMK Asyifa Depok,BS,Education,17 juli 2025,Emilie,silahturahmi dan gali opti Kidi IoT,follow up,Eksisting ,JULI
17/07/2025,SMK As Salafiyah Plumbon,BS,Education,17 juli 2025,Emilie,visit awal dan gali opti Kidi IoT,sph dan follow up,New Customer ,JULI
17/07/2025,Visit,BS,Education,"Kamis, 17 Juli 2025",Sara,Follow up kelanjutan ceremonial ttd kontrak pada acara IDL Garut bersama kepala sekolah,Sosialisasi layanan pijar sekolah terhadap guru guru di internal sekolah,New Customer ,JULI
17/07/2025,SMK Model Patriot IV CiawiGebang,BS,Education,"Kamis, 17 Juli 2025",Charlotte,kunjungan Pemberian Bantuan CDC bersama Bapak General Manager Telkom Priangan Timur, Penandatanganan MOU dan KB saat IDL tanggal 24 Juli 2025,Eksisting ,JULI
17/07/2025,SMK Samiudin Plus,BS,Education,"Kamis, 17 Juli 2025",Charlotte,Kunjungan diskusi Pijar sekolah dengan Yayasan serta ngasih motivasi kepada Siswa Siswi Baru,present Pengenalan Pijar sekolah ke pada Guru guru,New Customer ,JULI
17/07/2025,SMK Samiudin Plus,BS,Education,"Kamis, 17 Juli 2025",Charlotte,Kunjungan diskusi Pijar sekolah dengan Yayasan serta ngasih motivasi kepada Siswa Siswi Baru,present Pengenalan Pijar sekolah ke pada Guru guru,New Customer ,JULI
18/07/2025,SMAN 1 BABAKAN,BS,Education,17 Juli 2025,JEAN,Diskusi finalisasi pengadaan CPE untuk klik akhir bulan juli 2025,intens FU ,Eksisting,JULI
18/07/2025,SMK MUHAMMADIYAH LEMAH ABANG,BS,Education,18 Juli 2025,JEAN,Penyerahan Sertifikat BNSP Program Digi Up,intens FU ,Eksisting,JULI
18/07/2025,PT. CINTA DAMAI PUTRA BAHAGIA,BS,Retail,18 Juli 2025,JEAN,Penyerahan Souvenir CSLS tahap 1,intens komunikasi ,Eksisting,JULI
18/07/2025,PT. ASSEMS INDO,BS,Manufacture,18 Juli 2025,JEAN,Penandatanganan kontrak layanan Astinet 100mbps OTC nilai kontrak Rp.100.000.000, input NCX,Eksisting,JULI
18/07/2025,Visiting,BS,Education,18 Juli 2025,Yanfei,Followup program smk pk,Followup,New Customer ,JULI
18/07/2025,Visiting,BS,Retail,18 Juli 2025,Yanfei,Silaturahmi dan submit sph terkait kebutuhan astinet,Followup,New Customer ,JULI
18/07/2025,PT Raja Sukses Propertindo,BS,Manufacture,18 juli 2025,Emilie,penyerahan souvenir CSLS, fu intens ,Eksisting ,JULI
18/07/2025,CV Aulia Reload,BS,Manufacture,18 juli 2025,Emilie,"penandatangan amandemen upgrade layanan astinet, nilai kontrak 24jt",proses input,Eksisting ,JULI
18/07/2025,Yayasan Husnul khotimah,BS,Education,"Jumat, 18 Juli 2025",Charlotte,Kunjungan Diskusi penawaran pemasangan CCTV, FU Penawaran,Eksisting,JULI
18/07/2025,PT Grahamas Intitirta,BS,Manufaktur,"Jumat, 18 Juli 2025",Charlotte,"Kunjungan Diskusi Connectivity, Cctv, Hosting Email, IP PBX",Present dan Submit Profosal,New Customer ,JULI
21/07/2025,PT Cipta Hasil Sugiarto (CHAS),BS,Manufaktur,"Senin, 21 Juli 2025",Charlotte,Kunjungan FU penawaran Connectivity IP PBX,minta Trial dan pemisahan penawaran Cirebon dan Jakarta,New Customer ,JULI
21/07/2025,SMK Islamic Center,BS,Education,"Senin, 21 Juli 2025",Charlotte,Delivery Camera Antarez Easy Paket Magang Guru,Hari ini Klik Siplah,Eksisting ,JULI
22/07/2025,SMK Ma'arif Al Ghozali,BS,Education,"Senin, 21 Juli 2025",Ayaka,Pemaparan KiDi IoT dan penandatangan minutes of meeting Lab IoT,Penandatanganan MoU dan KBFL,New Customer ,JULI
22/07/2025,SMKN 1 Majalengka,BS,Education,"Senin, 21 Juli 2025",Ayaka,Diskusi bersama Billing Collection terkait pph dan ppn,-,Eksisting,JULI
22/07/2025,RS Djuansih,BS,,21 juli 2025,Emilie,Follow up SPH layanan astinet,FU intens,Eksisting,JULI
22/07/2025,Yayasan Al-Bahjah,BS,,22 juli 2025,Emilie,silahturahmi dan gali opti layanan astinet,fu,New Customer ,JULI
22/07/2025,RS Permata Cirebon,BS,,22 juli 2025,Emilie,silahturahmi gali opti kebutuhan solusi telkom,fu dan visit ulang bertemu manager IT,New Customer ,JULI
22/07/2025,SMK Pesantren Ciwaringin,BS,Education,"Selasa, 22 Juli 2025",Ayaka,Diskusi terkait opty Lab IoT,Submit Proposal,Eksisting,JULI
22/07/2025,Visit New Customer,BS,Manufaktur,"Selasa, 22 Juli 2025",Charlotte,"Diskusi Kebutuhan Data Center, SDWAN, Astinet, Cyber Security & PDP",-,New Customer ,JULI
22/07/2025,SMK Samiudin Plus,BS,Education,"Selasa, 22 Juli 2025",Charlotte,Presentasi Pijar sekolas, submit Penawaran,New Customer ,JULI
22/07/2025,PT Vinrell Indonesia Persada,BS,Manufaktur,"Selasa, 22 Juli 2025",Charlotte,"Diskusi Kebutuhan Data Center, SDWAN, Astinet, Cycer Security dan PDP Bersama Mas @alizahar95", Present Produck layanan yang di butuhkan dan submit proposal,New Customer ,JULI
23/07/2025,Visit,BS,Ruko,18 Juli 2025,Diona,Visit,follow up penawaran,New Customer ,JULI
23/07/2025,Visit,BS,Hospitality,21 Juli 2025,Diona,Visit, follow up penawaran solusi b2b,New Customer ,JULI
23/07/2025,Visit,BS,Edukasi,22 Juli 2025,Diona,Silaturahmi,reschedule karena Kepsek sedang dinas luar,New Customer ,JULI
23/07/2025,Visit,BS,Horeca,22 Juli 2025,Diona,Caring gangguan,-,New Customer ,JULI
23/07/2025,Visit,BS,Edukasi,22 Juli 2025,Diona,Caring gangguan dan survei jaringan untuk penambahan line internet,penyusunan SPH,New Customer ,JULI
23/07/2025,PT Ciawenindo Mitra Perkasa,BS,,23 juli 2025,Emilie,visit awal gali opti kebutuhan solusi telkom,fu dan visit ulang bertemu manager IT,New Customer ,JULI
23/07/2025,PT Cipta Niaga Semesta,BS,,23 juli 2025,Emilie,visit awal gali opti kebutuhan solusi telkom,fu dan visit ulang bertemu manager IT,New Customer ,JULI
23/07/2025,METLAND HOTEL,BS,Hospitality,23 Juli 2025,JEAN,visit awal menggali kebutuhan layanan Telkom,intens komunikasi,New Customer ,JULI
23/07/2025,PT. GLOBAL,BS,Manufacture,23 Juli 2025,JEAN,visit awal menggali kebutuhan layanan Telkom, intens komunikasi ,New Customer ,JULI
23/07/2025,PT. SHOETOWN KASOKANDEL,BS,Manufacture,21 Juli 2025,JEAN,penyerahan souvenir CSLS tahap 1,intens komunikasi ,Eksisting,JULI
23/07/2025,Visit,BS,Ruko,23 Juli 2025,Diona,Visit, follow up penawaran solusi b2b,New Customer ,JULI
23/07/2025,Visit,BS,Edukasi,23 Juli 2025,Diona,Caring pelanggan CAPS,follow up offering trial layanan HSI dan Astinet,New Customer ,JULI
23/07/2025,Visiting,BS,,23 Juli 2025,Yanfei,Fu penawaran,Reschedule pertemuan dg Manager yg sdg cuti,New Customer ,JULI
23/07/2025,Visiting,BS,,23 Juli 2025,Yanfei,Fu kebutuhan dan penawaran indibiz,Followup,New Customer ,JULI
23/07/2025,Visiting,BS,,23 Juli 2025,Yanfei,Silaturahmi probing layanan eksisting dan diskusi solusi layanan Telkom,Followup intens,New Customer ,JULI
23/07/2025,MTsN 12 Cirebon,BS,Education,"Rabu, 23 Juli 2025",Ayaka,Diskusi terkait indibiz bundling pijar,Submit SPH,New Customer ,JULI
24/07/2025,Visit,BS,Manufaktur,22 juli 2025,Lisa,FU permohonan pemindahan perangkat HSI & Astinet ke ruang server sementara, Koordinasi dengan tim TA,Eksisting,JULI
24/07/2025,Visit,BS,Retail & Wholesaler,23 juli 2025,Lisa,Probing,SPH Astinet & Indicar,New Customer ,JULI
24/07/2025,Visit,BS,Edukasi,24 Juli 2025,Diona,Penawaran solusi B2B,submit SPH,New Customer ,JULI
24/07/2025,Visit,BS,Manufaktur,24 Juli 2025,Diona,Penawaran solusi B2B,submit SPH,New Customer ,JULI
25/07/2025,Visit,BS,Education,"Kamis, 17 Juli 2025",Sara,penyerahan sertifikat Digi Up,-,Eksisting,JULI
25/07/2025,Visit,BS,Education,"Jum'at, 18 Juli 2025",Sara,penyerahan sertifikat Digi Up & diskusi Opty layanan Telkom tahun 2025,Komunikasi Intens,Eksisting,JULI
25/07/2025,Visit,BS,Education,"Jum'at, 18 Juli 2025",Sara,Follow up TTD KFS HSI + Pijar  ceremonial acara IDL Garut 2025,Komunikasi Intens,New Customer ,JULI
25/07/2025,Visit,BS,Education,"Selasa, 22 Juli 2025",Sara,Penyerahan bantuan DNA CDC sekaligus Follow up penawaran KiDi IoT,Komunikasi Intens,Eksisting,JULI
25/07/2025,Visit,BS,Education,"Rabu, 23 Juli 2025",Sara,Follow up penawaran Pijar sekolah, Komunikasi Intens,New Customer ,JULI
25/07/2025,Visit,BS,Education,"Rabu, 23 Juli 2025",Sara,Diskusi Opty Layanan Telkom Tahun 2025,Komunikasi Intens,Eksisting,JULI
25/07/2025,Visit,BS,Education,"Kamis, 24 Juli 2025",Sara,Follow up pendampingan pengajuan SMK PK Jurusan DKV,Komunikasi Intens,Eksisting,JULI
25/07/2025,Visit,BS,Education,"Jum’at, 25 Juli 2025",Sara,Follow up Peserta IDL Garut 2025,Komunikasi Intens,New Customer ,JULI
25/07/2025,Visit,BS,Horeca,"Jum’at, 25 Juli 2025",Sara,Diskusi Detail terkait kebutuhan pelanggan dalam waktu dekat,Komunikasi Intens,New Customer ,JULI
25/07/2025,Zam ZAM Pool,BS,Jasa,"Rabu, 23 Juli 2025",Charlotte,Diskusi Kebutuhan Connectivity public,Pembuatan Penawaran,Eksisting,JULI
25/07/2025,BPR Danatama Artha Kassiti,BS,Finance,"Rabu, 23 Juli 2025",Charlotte,Diskusi perpanjangan kontrak dan Kebutuhan Naik BW Connectivity,Pembuatan Penawaran,Eksisting,JULI
25/07/2025,PT New Hope Farm Indonesia,BS,Manufaktur,"Jumat, 25 Juli 2025",Charlotte,Pemberian Souvenir CSLS,Kerjasama Selalu terjalin dengan baik,Eksisting,JULI
28/07/2025,Visit,BS,Edukasi,25 Juli 2025,Diona,Penyerahan CDC DNA,follow up penawaran KIDI,Eksisting,JULI
29/07/2025,Metland Smara Kertajati,BS,Hospitality,"Selasa, 29 Juli 2025",Ayaka,"Survey topologi jaringan bersama SE, untuk kebutuhan upgrade layanan Uhoss dan pengadaan CPE",Pembuatan SPH,Eksisting,JULI
29/07/2025,Visiting,BS,BS,28 Juli 2025,Yanfei,Diskusi update pra bimtek program pendanaan pemerintah mengenai serkom (sertifikasi kompetensi) bersama kepala sekolah dan ketua kordinator,Followup intens,New Customer ,JULI
29/07/2025,SMAN 1 BABAKAN,BS,Education,29 Juli 2025,JEAN,penyerahan dokumen PO Deal CPE klik siplah nilai kontrak 83jt,intens komunikasi ,Eksisting,JULI
30/07/2025,Visit,BS,Manufaktur,30 Juli 2025,Diona,Penawaran solusi B2B,penawaran connectivity bisnis,New Customer ,JULI
30/07/2025,Visit,BS,Edukasi,30 Juli 2025,Diona,Penawaran solusi B2B,pembuatan SPH KIDi IoT dan CPE,New Customer ,JULI
30/07/2025,SMK Ma'arif Al-Ghozali,BS,Education,"Rabu, 30 Juli 2025",Ayaka,Management visit bersama GM dan penyerahan program CDC DNA serta update progres delivery Lab IoT,Submit Proposal,New Customer ,JULI
30/07/2025,SMK Nasional Jatiwangi,BS,Education,"Rabu, 30 Juli 2025",Ayaka,Follow up terkait SPH Indibiz+pijar, Follow Up ulang,Eksisting,JULI
30/07/2025,SMK Babussalam,BS,Education,25 juli 2025,Emilie,Diskusi bersama Billing Collection terkait  Kidi IoT,fu dan kawal,Eksisting,JULI
30/07/2025,Complete Selular,BS,Retail,29 juli 2025,Emilie,silahturahmi diskusi terkait billing layanan astinet dan gali opty,fu dan kawal,Eksisting,JULI
31/07/2025,SMK Ilman Nafiah,BS,Education,31 juli 2025,Emilie,silahturahmi diskusi terkait pendampingan Program SMK PK Regular 2025,,Eksisting,JULI
31/07/2025,Media Center Al Bahjah,BS,Jasa,31 juli 2025,Emilie,visit awal gali opti kebutuhan solusi telkom layanan astinet,fu dan submit sph,New Customer ,JULI
31/07/2025,Visiting,BS,manufaktur,31 Juli 2025,Yanfei,Diskusi probing kebutuhan metro,Followup,New Customer ,JULI
31/07/2025,BPR Danatama Artha Kassiti,BS,Finence,"Senin, 28 Juli 2025",Charlotte,Assesment kendala BW dan kebutuhan BW, Upgrade BW,Eksisting,JULI
31/07/2025,SMKN 5 Kuningan,BS,Education,"Selasa, 29 Juli 2025",Charlotte,recruitment SA dan AR seta koordinasi Klik siplah dengan Bendahara sekolah,Klik siplah mulai Agustus siapkan KB,Eksisting,JULI
31/07/2025,RS Mitra Husada,BS,Healt,"Selasa, 29 Juli 2025",Charlotte,Penanganan Gangguan Connectivity dan gali Opti penambahan Untuk gedung baru, Submit SPH,Eksisting,JULI
31/07/2025,BPR Danatama Artha Kassiti,BS,Finence,"Rabu, 30 Juli 2025",Charlotte,Ttd KB Penambahan BW Connectivity,Input Delivery,Eksisting,JULI
31/07/2025,SMK Karnas,BS,Finence,"Rabu, 30 Juli 2025",Charlotte,Pengembalian Showcase IOT acara IDL,-,Eksisting,JULI
31/07/2025,PT Perdana Investama Mina (PIM),BS,Manufaktur,"Kamis, 31 Juli 2025",Charlotte,penanganan Gangguan Connectivity,Penambahan Line Connectivity untuk antisipasi gangguan ,Eksisting,JULI
31/07/2025,SMKN 1 Kadipaten,BS,Education,"Kamis, 31 Juli 2025",Ayaka,Sirkulir sertifikat BNSP Digi Up dan diskusi terkait Lab IoT, Submit Proposal,Eksisting,JULI
31/07/2025,Universitas Sindangkasih Majalengka,BS,Education,"Kamis, 31 Juli 2025",Ayaka,Follow Up terkait SPH layanan solusi Telkom,Follow Up ulang,New Customer ,JULI
31/07/2025,Yayasan As Sakinah,BS,Education,"Kamis, 31 Juli 2025",Ayaka,"Diskusi terkait kebutuhan pijar ( SMP, SMA)", Penjadwalan sosialisasi,New Customer ,JULI
01/08/2025,PT. GOLD EMPEROR INDONESIA,BS,Manufacture,1 Agustus 2025,JEAN,"Handling gamas layanan datin downtime selama 24jam, memberikan solusi layanan temporary orbit.",,Eksisting,AGUSTUS
01/08/2025,SMAN 6 Cirebon,BS,Education,"Jumat, 01 Agustus 2025",Charlotte,kunjungan kebutuhan Pijar Sekolah,FU ,New Customer ,AGUSTUS
04/08/2025,SMK As Salam Gegesik,BS,Education,"Senin, 04 Agustus 2025",Ayaka,Diskusi terkait kebutuhan sertifikasi kompetensi siswa,Follow Up,Eksisting,AGUSTUS
04/08/2025,PT. Diamond International Indonesia,BS,Manufacture,"Senin, 01 Agustus 2025",Ayaka,Follow up terkait rencana upgrade Astinet,Follow up ulang,Eksisting,AGUSTUS
05/08/2025,PDAM Kab. Cirebon,BS,Manufacture,5 agustus 2025,Emilie,silahturahmi dan fu terkait Undangan Kunjungan Management,followup,Eksisting,AGUSTUS
05/08/2025,Media Center Al Bahjah,BS,Jasa,5 agustus 2025,Emilie,silahturahmi dan submit sph astinet dan neucentrix,fu,New Customer ,AGUSTUS
05/08/2025,Visiting,BS,Health,05 Agustus 2025,Yanfei,Diskusi probing terkait connectivity dan sistem klinik,Followup,New Customer ,AGUSTUS
05/08/2025,Visiting,BS,Education,05 Agustus 2025,Yanfei,Followup penawaran connectivity astinet,Reschedule pertemuan krn pic ybs sedang dirawat di rs,New Customer ,AGUSTUS
05/08/2025,Visiting,BS,Education,05 Agustus 2025,Yanfei,Diskusi tindak lanjut pengadaan kidi fiber optic,Followup,New Customer ,AGUSTUS
05/08/2025,SMK PGRI INDRAMAYU,BS,Education,05 Agustus 2025,JEAN,Bisit kolaborasi bersama tim DMO untuk video testimoni pelanggan dan Follow up program SMK PK Tefa Kolaborasi,intens komunikasi ,Eksisting,AGUSTUS
05/08/2025,SMK Ma'arif Al Ghozali,BS,Education,"Selasa, 05 Agustus 2025",Ayaka,Diskusi teknis bimtek pijar, Follow Up,Eksisting,AGUSTUS
05/08/2025,SMAN 1 Rajagaluh,BS,Education,"Selasa, 05 Agustus 2025",Ayaka,Diskusi terkait rencana trial pijar,Follow Up,Eksisting,AGUSTUS
05/08/2025,Visit,BS,Hospitality,"Selasa, 5 Agustus 2025",Sara,Follow up kebutuhan CCTV bersama bag IT,menunggu keputusan owner,New Customer ,AGUSTUS
05/08/2025,Visit,BS,Hospitality,"Selasa, 5 Agustus 2025",Sara,Follow up kebutuhan upgrade layanan connectivity bersama manager Hotel,Menunggu keputusan bagian keuangan,Eksisting,AGUSTUS
05/08/2025,SMKN 1 Luragung,BS,Education,"Senin, 04 Agustus 2025",Charlotte,kunjungan kebutuhan Pijar Sekolah,FU ,New Customer ,AGUSTUS
05/08/2025,PT Triguna Bumi Sejahtera,BS,Manufaktur,"Selasa, 05 Agustus 2025",Charlotte,kunjungan Diskusi Kebutuhan Connectivity,Submit SPH,New Customer ,AGUSTUS
05/08/2025,RS Pelabuhan,BS,Health,"Selasa, 05 Agustus 2025",Charlotte,kunjungan Diskusi Kebutuhan training pelatihan menage web brizingBPJS, submit SPH,Eksisting,AGUSTUS
06/08/2025,PT Fastrata Distribusi Indonesia,BS,Manufaktur,"Rabu, 06 Agustus 2025",Emilie,kunjungan caring gangguan dan gali opti,fu,Eksisting,AGUSTUS
06/08/2025,PT Fastrata Distribusi Indonesia,BS,Manufaktur,"Rabu, 06 Agustus 2025",Emilie,kunjungan caring gangguan dan gali opti,fu,Eksisting,AGUSTUS
06/08/2025,SMK AL Musyawirin,BS,Education,"Rabu, 06 Agustus 2025",Emilie,silahturahmi dan fu terkait opty Lab FO, visit ulang bertemu dengan kurikulum ,New Customer ,AGUSTUS
06/08/2025,Visit,BS,Education,"Rabu, 6 Agustus 2025",Sara,Follow up kebutuhan upgrade layanan connectivity & Approach Pijar Sekolah,Menunggu keputusan bagian keuangan,New Customer ,AGUSTUS
06/08/2025,Visit,BS,Education,"Rabu, 6 Agustus 2025",Sara,Approach Opty Layanan Telkom periode tahun 2025 - 2026,Menunggu keputusan yayasan,Eksisting,AGUSTUS
06/08/2025,Visiting,BS,Education,05 Agustus 2025,Yanfei,"Diskusi probing terkait connectivity dan sistem kampus, kondisi masih 100+ mahasiswa kelas karyawan perkuliahan hanya jumat dan sabtu",Followup,New Customer ,AGUSTUS
06/08/2025,Visiting,BS,Education,06 Agustus 2025,Yanfei,Diskusi terkait tindak lanjut pengajuan proposal dan diskusi terkait connectivity dan pijar sekolah,Followup,New Customer ,AGUSTUS
06/08/2025,Visiting,BS,Education,06 Agustus 2025,Yanfei,Diskusi terkait tindak lanjut pengajuan proposal dan diskusi terkait connectivity dan pijar sekolah,Followup,New Customer ,AGUSTUS
06/08/2025,SMAN 1 JAMBLANG,BS,Education,"Rabu, 06 Agustus 2025",Ayaka,Diskusi terkait opty indibiz+Pijar,Submit SPH,New Customer ,AGUSTUS
06/08/2025,SMAN 2 CIREBON,BS,Education,"Rabu, 06 Agustus 2025",Ayaka,Diskusi terkait kebutuhan relokasi jaringan Telkom, Follow Up,Eksisting,AGUSTUS
06/08/2025,PT Toyota Astra Financial Service,BS,Finance,"Rabu, 06 Agustus 2025",Charlotte,kunjungan diskusi Gali Opti,submit profosal,Eksisting,AGUSTUS
06/08/2025,PT Osindo Jaya Sempurna,BS,Jasa,"Rabu, 06 Agustus 2025",Charlotte,Kunjungan penanganan gangguan Connectivity Astinet dan phone,perbaikan Kabel yang putus oleh Teknisi,Eksisting,AGUSTUS
07/08/2025,PT. Wever Industrial Indonesia,BS,Manufacture,"Kamis, 07 Agustus 2025",Ayaka,Follow up sph layanan solusi Telkom,Follow up ulang,New Customer ,AGUSTUS
07/08/2025,SMAN Ar-Rahmat,BS,Education,"Kamis, 07 Agustus 2025",Ayaka,Diskusi terkait Lab IoT,Submit Proposal,New Customer ,AGUSTUS
07/08/2025,SMKN 1 Mundu,BS,Education,07 Agustus 2025,Emilie,diskusi terkait invoice vpn dan caring gangguan,follow up ,Eksisting,AGUSTUS
07/08/2025,PT Dynamic Design Indonesia,BS,Manufacture,07 Agustus 2025,Emilie,kunjungan dan submit sph upgrade layanan astinet, follow up intens,Eksisting,AGUSTUS
07/08/2025,Universitas Muhammadiyah Cirebon (UMC),BS,Education,"Kamis, 07 Agustus 2025",Charlotte,Kunjungan Diskusi Digitalisasi lewat E Campus dan OCA, Minggu depan Present Produck,Eksisting,AGUSTUS
07/08/2025,SMK Model Patriot IV CiawiGebang,BS,Education,"Kamis, 07 Agustus 2025",Charlotte,Bimtek Pijar Sekolah dengan tim Pijar Sekolah Jakarta,-,Eksisting,AGUSTUS
08/08/2025,Visiting,BS,,08 Agustus 2025,Yanfei,Diskusi sekaligus survey terkait pengadaan kidi fo bersama SE,Followup pembuatan RAB,Eksisting,AGUSTUS
08/08/2025,Visit,BS,Manufacture,"Kamis, 7 Agustus 2025",Sara,Follow up kebutuhan layanan connectivity, Input order,New Customer ,AGUSTUS
08/08/2025,Visit,BS,Education,"Kamis, 7 Agustus 2025",Sara,Follow up bimtek guru pijar sekolah,menunggu jadwal dari sekolah kemungkinan di W2 Agustus,New Customer ,AGUSTUS
08/08/2025,Visit,BS,Education,"Kamis, 7 Agustus 2025",Sara,Follow up bimtek OPS pijar sekolah,Bimtek di W2 Agustus,New Customer ,AGUSTUS
08/08/2025,Visit,BS,Hospitality,"Jumat, 8 Agustus 2025",Sara,Follow Up Opty lain diluar connectivity,Sudah input order HSI + 2 Mesh Wifi (menunggu jadwal PSB dari Telkom),New Customer ,AGUSTUS
08/08/2025,Visit,BS,Hospitality,"Jumat, 8 Agustus 2025",Sara,Penyerahan support merchandise untuk even 7K Run Timeless 2025 yang akan diadakan di Hotel Santika Premiere Garut pada tanggal 10 Agustus 2025. Acara ini diselenggarakan dalam rangka memperingati ulang tahun ke-7 Hotel Santika Premiere Garut.,Diskusi Opty akun Vidio B2B untuk 175 smart tv di Santika dengan RSO,Eksisting,AGUSTUS
11/08/2025,Visit,BS,Edukasi,5 Agustus 2025,Diona,Penyerahan souvenir CSLS dan follow up SMK PK, pengawalan,Eksisting,AGUSTUS
11/08/2025,Visit,BS,Online Shop,5 Agustus 2025,Diona,Penawaran solusi B2B, pengawalan,New Customer ,AGUSTUS
11/08/2025,Visit,BS,Edukasi,5 Agustus 2025,Diona,Penawaran solusi B2B,pengawalan,New Customer ,AGUSTUS
11/08/2025,Visit,BS,Media Komunikasi,5 Agustus 2025,Diona,Penawaran solusi B2B,pengawalan,New Customer ,AGUSTUS
11/08/2025,SMP 2 KOTA CIREBON,BS,Education,08 Agustus 2025,JEAN,Visit penawaran solusi pijar sekolah, intens komunikasi ,New Customer ,AGUSTUS
11/08/2025,SMP 1  KOTA CIREBON,BS,Education,08 Agustus 2025,JEAN,"Visit penawaran produk B2B Telkom, eksisting layanan sudah menggunakan indibiz dan pijar sekolah",intens komunikasi ,New Customer ,AGUSTUS
11/08/2025,SMP 5  KOTA CIREBON,BS,Education,08 Agustus 2025,JEAN,"Visit penawaran produk B2B Telkom pijar sekolah, eksisting layanan sudah menggunakan indibiz.",intens komunikasi ,New Customer ,AGUSTUS
11/08/2025,KOREAN INSTITUTE,BS,Education,11 Agustus 2025,JEAN,"Visit program TOP 100BC, sekaligus menggali opty kerjasama layanan B2B Telkom.",intens komunikasi ,Eksisting,AGUSTUS
11/08/2025,PT. BERSAMA BANGUN PANGAN,BS,Manufacture,11 Agustus 2025,JEAN,"Visit program TOP 100BC, sekaligus menggali opty kerjasama layanan B2B Telkom.",intens komunikasi ,Eksisting,AGUSTUS
11/08/2025,PT. EQUITYWORD  FUTURES,BS,Retail,11 Agustus 2025,JEAN,"Visit program TOP 100BC, sekaligus menggali opty kerjasama layanan B2B Telkom.",intens komunikasi ,Eksisting,AGUSTUS
12/08/2025,RS Permata Cirebon,BS,Health,8 agustus 2025,Emilie,kunjungan dan gali opti kebutuhan solusi telkom,fu,New Customer ,AGUSTUS
12/08/2025,PT Tonglan Chemistry Technology,BS,Manufacture,12 agustus 2025,Emilie,diskusi terkait billing dan gali opty,fu intens ,Eksisting,AGUSTUS
12/08/2025,PT AIYI Indonesia Internasional,BS,Manufacture,12 agustus 2025,Emilie,"penandatangan amandemen layanan astinet, nilai kontrak 138jt",proses input ,Eksisting,AGUSTUS
12/08/2025,BPR Kuningan,BS,Finance,"Senin, 12 Agustus 2025",Charlotte,Ttd Amandement Upgrade BW Connectivity,Input Delivery,Eksisting,AGUSTUS
12/08/2025,SMKN 1 Cirebon,BS,Edication,"Senin, 12 Agustus 2025",Charlotte,Present Pijar sekolah,Submit SPH Pijar sekolah,Eksisting,AGUSTUS
12/08/2025,BPR Danatama Artha Kassiti,BS,Finance,"Selasa, 12 Agustus 2025",Charlotte,maintenence pasca Upgrade Connectivity dengan EOS,memastikan setelah Upgrade Connectivity menjadi lancar,Eksisting,AGUSTUS
12/08/2025,Visit,BS,Manufacture,"Selasa, 12 Agustus 2025",Sara,Follow kebutuhan connectivity,Lanjut bertemu manager site Neglasari sekaligus submit SPH,New Customer ,AGUSTUS
12/08/2025,Visit,BS,Hospitality,"Selasa, 12 Agustus 2025",Sara,Follow kebutuhan pengadaan cctv,Menunggu info lanjutan dari PIC,Eksisting,AGUSTUS
12/08/2025,SMAN 2 Cirebon,BS,Education,"Selasa, 12 Agustus",Ayaka,Update progres relokasi server dan diskusi terkait opty pengadaan barang,,Eksisting,AGUSTUS
13/08/2025,Visit,BS,Education,"Rabu, 13 Agustus 2025",Sara,Follow up Bimtek Pijar Sekolah & profiling layanan eksisting, Follow up,New Customer ,AGUSTUS
13/08/2025,SMKN 1 JATIBARANG,BS,Education,13 Agustus 2025,JEAN,Kunjungan Silaturahmi dan Edukasi mengenai layanan connectivity (Indibiz) dan KiDi IoT,intens komunikasi ,New Customer ,AGUSTUS
13/08/2025,UGJ FAKUKTAS HUKUM KAMPUS 3,BS,Education,13 Agustus 2025,JEAN,Kunjungan Silaturahmi dan Edukasi mengenai layanan connectivity (Indibiz) dan KiDi IoT dll,intens komunikasi ,New Customer ,AGUSTUS
13/08/2025,UGJ FAKULTAS KEDOKTERAN,BS,Education,13 Agustus 2025,JEAN,Kunjungan Silaturahmi dan Edukasi mengenai layanan connectivity (Indibiz) dan KiDi IoT dll,intens komunikasi ,New Customer ,AGUSTUS
13/08/2025,AKBID ISMA HUSADA KOTA CIREBON,BS,Education,13 Agustus 2025,JEAN,Kunjungan Silaturahmi dan Edukasi mengenai layanan connectivity (Indibiz) dan KiDi IoT dll,intens komunikasi ,New Customer ,AGUSTUS
13/08/2025,STIKES CIREBON (Sekolah Tinggi Ilmu Kesehatan Cirebon),BS,Education,13 Agustus 2025,JEAN,Kunjungan Silaturahmi dan Edukasi mengenai layanan connectivity (Indibiz) dan KiDi IoT,intens komunikasi ,New Customer ,AGUSTUS
13/08/2025,Visit,BS,Edukasi,13 Agustus 2025,Diona,Penawaran solusi B2B (Astinet),pengawalan,New Customer ,AGUSTUS
13/08/2025,Visit,BS,Edukasi,13 Agustus 2025,Diona,Penawaran solusi B2B (Astinet),pengawalan,New Customer ,AGUSTUS
13/08/2025,UNIVERSITAS NAHDHATUL ULAMA,BS,Education,13 Agustus 2025,JEAN,Kunjungan Silaturahmi dan Edukasi mengenai layanan connectivity (Indibiz) dan KiDi IoT. Eksisting menggunakan layanan Pesatnet dan Biznet masing2 100mbps.,intens komunikasi ,New Customer ,AGUSTUS
13/08/2025,Stikes Cirebon,BS,Education,13 Agustus 2025,Emilie,visit awal gali opti kebutuhan solusi telkom,fu,New Customer ,AGUSTUS
13/08/2025,Institut Prima Bangsa,BS,Education,13 Agustus 2025,Emilie,visit awal gali opti kebutuhan solusi telkom,fu,New Customer ,AGUSTUS
13/08/2025,Visiting,BS,Manufacture,11 Agustus 2025,Yanfei,Silaturahmi dan diskusi gali opti,Followup,New Customer ,AGUSTUS
13/08/2025,Visiting,BS,Manufacture,11 Agustus 2025,Yanfei,"Silaturahmi dan diskusi gali opti, eksisting menggunakan layanan indihome",Followup,New Customer ,AGUSTUS
13/08/2025,Visiting,BS,Education,13 Agustus 2025,Yanfei,Followup hasil wawancara dg direktorat terkait program smk pk reguler 2025,Kawal ketat pendampingan smk pk,New Customer ,AGUSTUS
13/08/2025,Visiting,BS,Education,13 Agustus 2025,Yanfei,"Silaturahmi, cek jaringan, dan diskusi terkait program Telkom kidi, ujikom, dan kunjungan industri",Followup intens untuk opti ujikom dan kunjungan industri,New Customer ,AGUSTUS
13/08/2025,Universitas Majalengka,BS,Education,"Rabu, 13 Agustus",Ayaka,Submit SPH Astinet 1Gbps,Follow up,New Customer ,AGUSTUS
13/08/2025,PT. Home Well Indonesia,BS,Manufacture,"Rabu, 13 Agustus",Ayaka,Submit SPH Indibiz,Follow up,Eksisting,AGUSTUS
14/08/2025,Media Center Al-Bahjah,BS,Jasa,14 agustus 2025,Emilie,kunjungan dan submit sph astinet dan neucentrix,fu,New Customer ,AGUSTUS
14/08/2025,Yayasan Khas Kempek,BS,Education,14 agustus 2025,Emilie,silahturahmi dan diskusi terkait support untuk agenda Haul KH. Aqiel Siroj Khas Kempek,fu dan kawal,Eksisting,AGUSTUS
14/08/2025,Visit,BS,Education,"Rabu, 13 Agustus 2025",Sara,Evaluasi layanan eCampuz pemakaian tahun 2024 - 2025 & diskusi Opty layanan telkom oeriode 2025 - 2026,komunikasi Intens,Eksisting,AGUSTUS
14/08/2025,Visit,BS,Education,"Kamis, 14 Agustus 2025",Sara,Follow Up bimtek pijar sekolah untuk  guru guru,komunikasi Intens,New Customer ,AGUSTUS
14/08/2025,CV. Terlaksana Sukses Mandiri,BS,Retail,"Kamis,  14 Agustus 2025",Ayaka,Diskusi terkait Neucentrix dan kebutuhan internet buat lokasi cabang, Follow Up,Eksisting,AGUSTUS
14/08/2025,SMAN 1 Sumberjaya,BS,Education,"Kamis, 14 Agustus",Ayaka,Diskusi terkait Indibiz+pijar,Penjadwalan sosialisasi pijar,New Customer ,AGUSTUS
15/08/2025,WIT CIREBON,BS,Education,14 Agustus 2025,JEAN,Kunjungan Silaturahmi dan Edukasi mengenai layanan connectivity (Indibiz) dan KiDi IoT. Eksisting menggunakan layanan INDIBIZ 100mbps.,intens komunikasi ,New Customer ,AGUSTUS
15/08/2025,KAMPUS UBHI  CIREBON,BS,Education,14 Agustus 2025,JEAN,Kunjungan Silaturahmi dan Edukasi mengenai layanan connectivity (Indibiz) dan KiDi IoT., intens komunikasi ,New Customer ,AGUSTUS
15/08/2025,STIE Cirebon,BS,Education,"Rabu, 15 Agustus 2025",Charlotte,"Kunjungan diskusi Digitalisasi Campus, E campus, Oca",Present Layanan,Eksisting,AGUSTUS
15/08/2025,Politeknik Pariwisata Prima Internasional,BS,Education,"Rabu, 15 Agustus 2025",Charlotte,"Kunjungan diskusi Digitalisasi Campus, E campus","submit Profosal, Present Layanan",New Customer ,AGUSTUS
15/08/2025,SMKN 5 Kuningan,BS,Education,"Kamis, 14 Agustus 2025",Charlotte,Kunjungan diskusi Kordinasi Klik siplah dengan Bendahara, Klik siplah akan di lakukan Awal September ,Eksisting,AGUSTUS
15/08/2025,Surya Cirebon,BS,Education,"Kamis, 14 Agustus 2025",Charlotte,Kunjungan diskusi Connectivity, Submit Profosal,Eksisting,AGUSTUS
15/08/2025,Visit,BS,Education,"Jumat, 15 Agustus 2025",Sara,Follow Up penawaran pijar sekolah,Follow Up penawaran pijar sekolah,New Customer ,AGUSTUS
15/08/2025,STIKOM,BS,Education,"Jumat, 15 Agustus 2025",Charlotte,Kunjungan diskusi OCA,Submit Profosal,Eksisting,AGUSTUS
15/08/2025,Institut Mahardika,BS,Education,"Jumat, 15 Agustus 2025",Charlotte,Kunjungan diskusi pengadaan Server data center, Submit Profosal,Eksisting,AGUSTUS
19/08/2025,PT. GOLD EMPEROR INDONESIA,BS,Manufacture,19 Agustus 2025,JEAN,Pengambilan Modem Orbit untuk layanan temporer akibat gamas. Alhamdulillah layanan sudah normal. Sekaligus follow up SPH penambahan layanan Astinet., intens komunikasi ,Eksisting,AGUSTUS
19/08/2025,PT. GOLD EMPEROR DUA,BS,Manufacture,19 Agustus 2025,JEAN,Diskusi terkait penambahan layanan indibiz,intens komunikasi ,Eksisting,AGUSTUS
19/08/2025,SMAN 1 Sumberjaya,BS,Education,"Selasa, 19 Agustus",Ayaka,Sosialisasi Pijar Sekolah,Sosialisasi Pijar Sekolah,New Customer ,AGUSTUS
19/08/2025,PT Indonesia Dreamers Sports,BS,Manufacture,19 Agustus 2025,Emilie,silahturahmi dan diskusi kebutuhan upgrade layanan astinet,submit sph,Eksisting,AGUSTUS
19/08/2025,PT Fastrata Distribusi Indonesia,BS,Manufacture,19 Agustus 2025,Emilie,kunjungan dan diskusi kebutuhan layanan astinet untuk di gudang baru,fu dan submit sph,Eksisting,AGUSTUS
19/08/2025,PT. Corinthian Industries Indonesia,BS,Manufacture,"Selasa, 19 Agustus 2025",Ayaka,Diskusi terkait opty layanan backup (Starlink),Follow Up,Eksisting,AGUSTUS
20/08/2025,SMAN 1 CIWARINGIN,BS,Education,20 Agustus 2025,JEAN,Diskusi pengadaan barang Bos tahap 2,intens komunikasi ,Eksisting,AGUSTUS
20/08/2025,POLITEKNIK NEGERI INDRAMAYU,BS,Education,20 Agustus 2025,JEAN,Diskusi terkait spek teknis persiapan Tender,intens komunikasi ,Eksisting,AGUSTUS
20/08/2025,SMKN 1 LOSARANG,BS,Education,20 Agustus 2025,JEAN,Diskusi pengadaan barang dana Bos tahap 2,intens komunikasi ,Eksisting,AGUSTUS
20/08/2025,PT. JAVA SEAFOOD,BS,Manufacture,20 Agustus 2025,JEAN,Kunjungan dan silaturahmi menggali potensi kebutuhan layanan Monitoring CCTV Terpadu,intens komunikasi ,New Customer ,AGUSTUS
20/08/2025,PT. WIRATAMA INDRAMAYU PERKASA,BS,Manufacture,20 Agustus 2025,JEAN,Kunjungan dan silaturahmi terkait permintaan percepatan pembangunan infrastruktur kawasan industri losarang.,intens komunikasi ,Eksisting,AGUSTUS
20/08/2025,SMK Persada Kuningan,BS,Education,"Selasa, 19 Agustus 2025",Charlotte,Kunjungan diskusi Pijar sekolah,Submit Profosal,New Customer ,AGUSTUS
20/08/2025,Yayasan Khas Kempek,BS,Education,20 Agustus 2025,Emilie,kunjungan survey lokasi untuk internet temporer agenda Haul KH. Aqiel Siroj Khas Kempek,Fu dan kawal,Eksisting,AGUSTUS
20/08/2025,Moluska Inti Sibertama,BS,Media,"Selasa, 19 Agustus 2025",Charlotte,Kunjungan diskusi Connectivity,Submit Profosal,New Customer ,AGUSTUS
20/08/2025,Universitas Muhammadiyah Cirebon (UMC),BS,Education,"Rabu, 20 Agustus 2025",Charlotte,Present OCA dan E Campus dengan SE mas @irsyadthoyib,Submit SPH,Eksisting,AGUSTUS
20/08/2025,RS UMC,BS,Healt,"Rabu, 20 Agustus 2025",Charlotte,Diskusi persiapan kolaborasi Podcast besok di Index,Kolaborasi,Eksisting,AGUSTUS
20/08/2025,Visit,BS,Education,"Rabu, 19 Agustus 2025",Sara,diskusi Opty SMK PK,di agendakan diskusi lebih lanjut,Eksisting,AGUSTUS
20/08/2025,Visit,BS,Education,"Rabu, 19 Agustus 2025",Sara,perkenalan bersama sarpras & operator sekolah,menunggu agenda perkenalan dengan kepala sekolah (saat ini sedang sakit),New Customer ,AGUSTUS
20/08/2025,SMK As Salam Gegesik,BS,Education,"Rabu, 20 Agustus 2025",Ayaka,Diskusi terkait kebutuhan sertifikasi kompetensi siswa,Follow Up,Eksisting,AGUSTUS
21/08/2025,STMIK IKMI,BS,Education,"Kamis, 21 Agustus 2025",Charlotte,Diskusi E campus dan OCA,"Submit Profosal, Demo E campus",New Customer ,AGUSTUS
21/08/2025,Yayasan Luhur Al Kautsar,BS,Education,"Kamis, 21 Agustus 2025",Charlotte,Diskusi Cctv Antarez Easy dan Pijar sekolah,"Submit Profosal, Present Pijar sekolah",New Customer ,AGUSTUS
21/08/2025,Visit,BS,Education,"Kamis, 21 Agustus 2025",Sara,perkenalan bersama Kajur RPL & kepala sekolah sekaligus diskusi kebutuhan Ujikom,perkenalan bersama Kajur RPL & kepala sekolah sekaligus diskusi kebutuhan Ujikom,New Customer ,AGUSTUS
21/08/2025,Visit,BS,Education,"Kamis, 21 Agustus 2025",Sara,Follow up penawaran Kidi IoT,,Eksisting,AGUSTUS
21/08/2025,RS UMC,BS,Healt,"Kamis, 21 Agustus 2025",Charlotte,Podcast kolaborasi RS UMC dan Telkom memperkenalkan layanan baru dari RS sebagai bentuk inovasi di dukung dengan layanan Connectivity yang cepat dari Telkom,Mempererat kerjasama yang lebih baik dari Telkom Untuk RS UMC juga Sebaliknya,Eksisting,AGUSTUS
